Name,Prices,Network_Technology,Network_2gbands,Network_3gbands,Network_4gbands,Network_Speed,Body_Dimensions,Body_Weight,Body_Build,Body_SIM,Display_Type,Display_Resolution,Platform_OS,Platform_Chipset,Platform_Cpu,Platform_Gpu,Memory_Cardslot,Memory_Internalmemory,MainCamera_Cameraspecs,MainCamera_Features,MainCamera_Video,SelfieCamera_Cameraspecs,SelfieCamera_Features,Sound_Feature,Sound_3.5mmjack,COMMS_WLAN,COMMS_Bluetooth,COMMS_NFC,COMMS_Radio,COMMS_USB,Battery_Type,Battery_Charging,Colors,Price
Google Pixel C,,No cellular connectivity, N/A,,,,242 x 179 x 7 mm (9.53 x 7.05 x 0.28 in),517 g (1.14 lb),,No,"10.2 inches, 313.8 cm",2560 x 1800 pixels (~308 ppi density),"Android 6.0.1 (Marshmallow), upgradable to Android 8.0 (Oreo)",Nvidia Tegra X1,Quad-core 1.9 GHz,Nvidia Maxwell,No,"32GB 3GB RAM, 64GB 3GB RAM","8 MP, f/2.4",,1080p@30fps,2 MP,,"Yes, with stereo speakers",Yes,"WLANWi-Fi 802.11 a/b/g/n, dual-band, Wi-Fi Direct","4.1, A2DP",No,No,USB Type-C 3.0,"Li-Po 9240 mAh, non-removable (34.2 Wh)",,Silver Aluminum,About 340 EUR
Google Pixel,,GSM / HSPA / LTE,GSM 850 / 900 / 1800 / 1900 ,HSDPA 800 / 850 / 900 / 1700(AWS) / 1900 / 2100 ,"1, 2, 3, 4, 5, 7, 8, 12, 13, 17, 18, 19, 20, 21, 26, 28, 32, 38, 39, 40, 41","HSPA 42.2/5.76 Mbps, LTE (3CA) Cat9 450/50 Mbps or LTE (3CA) Cat11 600/75 Mbps",143.8 x 69.5 x 8.5 mm (5.66 x 2.74 x 0.33 in),143 g (5.04 oz),"Glass front (Gorilla Glass 4), aluminum/glass back, aluminum frame",Nano-SIM,"5.0 inches, 68.9 cm","1080 x 1920 pixels, 16:9 ratio (~441 ppi density)","Android 7.1 (Nougat), upgradable to Android 10",Qualcomm MSM8996 Snapdragon 821 (14 nm),Quad-core (2x2.15 GHz Kryo & 2x1.6 GHz Kryo),Adreno 530,No,"32GB 4GB RAM, 128GB 4GB RAM","12.3 MP, f/2.0, 1/2.3"", 1.55µm, PDAF","Laser AF, Dual-LED flash, HDR, panorama","4K@30fps, 1080p@60/120fps, 1080p@30fps (gyro-EIS), 720p@240fps","8 MP, f/2.4, 1/3.2"", 1.4µm",1080p@30fps,Yes,Yes,"WLANWi-Fi 802.11 a/b/g/n/ac, dual-band, Wi-Fi Direct, DLNA","4.2, A2DP, LE, aptX",Yes,No,USB Type-C 3.0,"Li-Ion 2770 mAh, non-removable","18W wired, PD","Quite Black, Very Silver, Really Blue",About 290 EUR
Google Pixel XL,,GSM / HSPA / LTE,GSM 850 / 900 / 1800 / 1900 ,,"1, 2, 3, 4, 5, 7, 8, 12, 13, 17, 18, 19, 20, 21, 26, 28, 32, 38, 39, 40, 41","HSPA 42.2/5.76 Mbps, LTE (3CA) Cat9 450/50 Mbps or LTE (3CA) Cat11 600/75 Mbps",154.7 x 75.7 x 8.5 mm (6.09 x 2.98 x 0.33 in),168 g (5.93 oz),"Glass front (Gorilla Glass 4), aluminum/glass back, aluminum frame",Nano-SIM,"5.5 inches, 83.4 cm","1440 x 2560 pixels, 16:9 ratio (~534 ppi density)","Android 7.1 (Nougat), upgradable to Android 10",Qualcomm MSM8996 Snapdragon 821 (14 nm),Quad-core (2x2.15 GHz Kryo & 2x1.6 GHz Kryo),Adreno 530,No,"32GB 4GB RAM, 128GB 4GB RAM","12.3 MP, f/2.0, 1/2.3"", 1.55µm, PDAF","Laser AF, Dual-LED flash, HDR, panorama","4K@30fps, 1080p@60/120fps, 1080p@30fps (gyro-EIS), 720p@240fps","8 MP, f/2.4, 1/3.2"", 1.4µm",1080p@30fps,Yes,Yes,"WLANWi-Fi 802.11 a/b/g/n/ac, dual-band, Wi-Fi Direct, DLNA","4.2, A2DP, LE, aptX",Yes,No,USB Type-C 3.0,"Li-Ion 3450 mAh, non-removable","18W wired, PD","Quite Black, Very Silver, Really Blue",About 400 EUR
Google Pixel 2 XL,,GSM / CDMA / HSPA / EVDO / LTE,GSM 850 / 900 / 1800 / 1900 ,HSDPA 850 / 900 / 1700(AWS) / 1900 / 2100 ,"1, 2, 3, 4, 5, 7, 8, 12, 13, 17, 20, 25, 26, 28, 29, 30, 32, 38, 40, 41, 66","HSPA 42.2/5.76 Mbps, LTE (3CA) Cat15 800/75 Mbps",157.9 x 76.7 x 7.9 mm (6.22 x 3.02 x 0.31 in),175 g (6.17 oz),"Glass front (Gorilla Glass 5), aluminum/glass back, aluminum frame",Nano-SIM + ,"6.0 inches, 92.6 cm","1440 x 2880 pixels, 18:9 ratio (~538 ppi density)","Android 8.0 (Oreo), upgradable to Android 11",Qualcomm MSM8998 Snapdragon 835 (10 nm),Octa-core (4x2.35 GHz Kryo & 4x1.9 GHz Kryo),Adreno 540,No,"64GB 4GB RAM, 128GB 4GB RAM","12.2 MP, f/1.8, 27mm (wide), 1/2.55"", 1.4µm, dual pixel PDAF, OIS","Laser AF, Dual-LED flash, HDR, panorama","4K@30fps (gyro-EIS), 1080p@30/60/120fps (gyro-EIS), 720p@240fps (gyro-EIS)","8 MP, f/2.4, 25mm (wide), 1/3.2"", 1.4µm",1080p@30fps,"Yes, with stereo speakers",No,"WLANWi-Fi 802.11 a/b/g/n/ac, dual-band, Wi-Fi Direct, DLNA","5.0, A2DP, LE, aptX HD",Yes,No,USB Type-C 3.1,"Li-Ion 3520 mAh, non-removable","10.5W wired (capped), PD2.0","Just Black, Black & White",About 520 EUR
Google Pixel 2,,GSM / CDMA / HSPA / EVDO / LTE,GSM 850 / 900 / 1800 / 1900 ,HSDPA 850 / 900 / 1700(AWS) / 1900 / 2100 ,"1, 2, 3, 4, 5, 7, 8, 12, 13, 17, 20, 25, 26, 28, 29, 30, 32, 38, 40, 41, 66","HSPA 42.2/5.76 Mbps, LTE (3CA) Cat15 800/75 Mbps",145.7 x 69.7 x 7.8 mm (5.74 x 2.74 x 0.31 in),143 g (5.04 oz),"Glass front (Gorilla Glass 5), aluminum/glass back, aluminum frame",Nano-SIM + ,"5.0 inches, 68.9 cm","1080 x 1920 pixels, 16:9 ratio (~441 ppi density)","Android 8.0 (Oreo), upgradable to Android 11",Qualcomm MSM8998 Snapdragon 835 (10 nm),Octa-core (4x2.35 GHz Kryo & 4x1.9 GHz Kryo),Adreno 540,No,"64GB 4GB RAM, 128GB 4GB RAM","12.2 MP, f/1.8, 27mm (wide), 1/2.55"", 1.4µm, dual pixel PDAF, OIS","Laser AF, Dual-LED flash, HDR, panorama","4K@30fps (gyro-EIS), 1080p@30/60/120fps (gyro-EIS), 720p@240fps (gyro-EIS)","8 MP, f/2.4, 27mm (wide), 1/3.2"", 1.4µm",1080p@30fps,"Yes, with stereo speakers",No,"WLANWi-Fi 802.11 a/b/g/n/ac, dual-band, Wi-Fi Direct, DLNA","5.0, A2DP, LE, aptX HD",Yes,No,USB Type-C 3.1,"Li-Ion 2700 mAh, non-removable","10.5W wired (capped), PD2.0","Kinda Blue, Just Black, Clearly White",About 610 EUR
Google Pixel 3,,GSM / CDMA / HSPA / EVDO / LTE,GSM 850 / 900 / 1800 / 1900 ,HSDPA 850 / 900 / 1700(AWS) / 1900 / 2100 ,"1, 2, 3, 4, 5, 7, 8, 12, 13, 17, 18, 19, 20, 25, 26, 28, 29, 32, 38, 39, 40, 41, 42, 46, 66, 71","HSPA 42.2/5.76 Mbps, LTE (5CA) Cat16 1024/75 Mbps",145.6 x 68.2 x 7.9 mm (5.73 x 2.69 x 0.31 in),148 g (5.22 oz),"Glass front (Gorilla Glass 5), glass back (Gorilla Glass 5), aluminum frame",Nano-SIM + ,"5.5 inches, 76.7 cm","1080 x 2160 pixels, 18:9 ratio (~443 ppi density)","Android 9.0 (Pie), upgradable to Android 12",Qualcomm SDM845 Snapdragon 845 (10 nm),Octa-core (4x2.5 GHz Kryo 385 Gold & 4x1.6 GHz Kryo 385 Silver),Adreno 630,No,"64GB 4GB RAM, 128GB 4GB RAM","12.2 MP, f/1.8, 28mm (wide), 1/2.55"", 1.4µm, dual pixel PDAF, OIS","Dual-LED flash, Pixel Shift, Auto-HDR, panorama","4K@30fps, 1080p@30/60/120fps, 1080p@30fps (gyro-EIS)","8 MP, f/1.8, 28mm (wide), PDAF,
8 MP, f/2.2, 19mm (ultrawide), no AF",1080p@30fps,"Yes, with stereo speakers",No,"WLANWi-Fi 802.11 a/b/g/n/ac, dual-band, Wi-Fi Direct, DLNA","5.0, A2DP, LE, aptX HD",Yes,No,USB Type-C 3.1,"Li-Po 2915 mAh, non-removable","18W wired, PD2.0","Clearly White, Just Black, Not Pink",About 450 EUR
Google Pixel 3 XL,,GSM / CDMA / HSPA / EVDO / LTE,GSM 850 / 900 / 1800 / 1900 ,HSDPA 850 / 900 / 1700(AWS) / 1900 / 2100 ,"1, 2, 3, 4, 5, 7, 8, 12, 13, 17, 18, 19, 20, 25, 26, 28, 29, 32, 38, 39, 40, 41, 42, 46, 66, 71","HSPA 42.2/5.76 Mbps, LTE (5CA) Cat16 1024/75 Mbps",158 x 76.7 x 7.9 mm (6.22 x 3.02 x 0.31 in),184 g (6.49 oz),"Glass front (Gorilla Glass 5), glass back (Gorilla Glass 5), aluminum frame",Nano-SIM + ,"6.3 inches, 100.3 cm","1440 x 2960 pixels, 18.5:9 ratio (~523 ppi density)","Android 9.0 (Pie), upgradable to Android 12",Qualcomm SDM845 Snapdragon 845 (10 nm),Octa-core (4x2.5 GHz Kryo 385 Gold & 4x1.6 GHz Kryo 385 Silver),Adreno 630,No,"64GB 4GB RAM, 128GB 4GB RAM","12.2 MP, f/1.8, 28mm (wide), 1/2.55"", 1.4µm, dual pixel PDAF, OIS","Dual-LED flash, Pixel Shift, Auto-HDR, panorama","4K@30fps, 1080p@30/60/120fps, 1080p@30fps (gyro-EIS)","8 MP, f/1.8, 28mm (wide), PDAF,
8 MP, f/2.2, 19mm (ultrawide), no AF",1080p@30fps,"Yes, with stereo speakers",No,"WLANWi-Fi 802.11 a/b/g/n/ac, dual-band, Wi-Fi Direct, DLNA","5.0, A2DP, LE, aptX HD",Yes,No,USB Type-C 3.1,"Li-Po 3430 mAh, non-removable","18W wired, PD2.0","Clearly White, Just Black, Not Pink",About 260 EUR
Google Pixel 3a,[{'64GB 4GB RAM': '$\u200998.50'}],GSM / CDMA / HSPA / EVDO / LTE,GSM 850 / 900 / 1800 / 1900 ,HSDPA 850 / 900 / 1700(AWS) / 1900 / 2100 ,"1, 2, 3, 4, 5, 7, 8, 12, 13, 17, 20, 25, 26, 28, 32, 38, 40, 41, 66, 71","HSPA 42.2/5.76 Mbps, LTE (3CA) Cat11 600/75 Mbps",151.3 x 70.1 x 8.2 mm (5.96 x 2.76 x 0.32 in),147 g (5.19 oz),"Glass front (Asahi Dragontrail), plastic back, plastic frame",Nano-SIM + ,"5.6 inches, 79.6 cm","1080 x 2220 pixels, 18.5:9 ratio (~441 ppi density)","Android 9.0 (Pie), upgradable to Android 12",Qualcomm SDM670 Snapdragon 670 (10 nm),Octa-core (2x2.0 GHz 360 Gold & 6x1.7 GHz Kryo 360 Silver),Adreno 615,No,64GB 4GB RAM,"12.2 MP, f/1.8, 28mm (wide), 1/2.55"", 1.4µm, dual pixel PDAF, OIS","Dual-LED flash, Pixel Shift, HDR, panorama","4K@30fps, 1080p@30/60/120fps","8 MP, f/2.0, 24mm (wide), 1/4.0"", 1.12µm",1080p@30fps,"Yes, with stereo speakers",Yes,"WLANWi-Fi 802.11 a/b/g/n/ac, dual-band, Wi-Fi Direct","5.0, A2DP, LE, aptX HD",Yes,No,USB Type-C 2.0,"Li-Po 3000 mAh, non-removable","18W wired, PD2.0","Just Black, Clearly White, Purple-ish",
Google Pixel 3a XL,,GSM / CDMA / HSPA / EVDO / LTE,GSM 850 / 900 / 1800 / 1900 ,HSDPA 850 / 900 / 1700(AWS) / 1900 / 2100 ,"1, 2, 3, 4, 5, 7, 8, 12, 13, 14, 17, 20, 25, 26, 28, 29, 30, 38, 40, 41, 66, 71","HSPA 42.2/5.76 Mbps, LTE (3CA) Cat11 600/75 Mbps",160.1 x 76.1 x 8.2 mm (6.30 x 3.00 x 0.32 in),167 g (5.89 oz),"Glass front (Asahi Dragontrail), plastic back, plastic frame",Nano-SIM + ,"6.0 inches, 92.9 cm","1080 x 2160 pixels, 18:9 ratio (~402 ppi density)","Android 9.0 (Pie), upgradable to Android 12",Qualcomm SDM670 Snapdragon 670 (10 nm),Octa-core (2x2.0 GHz 360 Gold & 6x1.7 GHz Kryo 360 Silver),Adreno 615,No,64GB 4GB RAM,"12.2 MP, f/1.8, 28mm (wide), 1/2.55"", 1.4µm, dual pixel PDAF, OIS","Dual-LED flash, Pixel Shift, HDR, panorama","4K@30fps, 1080p@30/60/120fps","8 MP, f/2.0, 24mm (wide), 1/4.0"", 1.12µm",1080p@30fps,"Yes, with stereo speakers",Yes,"WLANWi-Fi 802.11 a/b/g/n/ac, dual-band, Wi-Fi Direct","5.0, A2DP, LE, aptX HD",Yes,No,USB Type-C 2.0,"Li-Po 3700 mAh, non-removable","18W wired, PD2.0","Just Black, Clearly White, Purple-ish",About 290 EUR
Google Pixel 4,"[{'64GB 6GB RAM': '$\u2009107.99'}, {'128GB 6GB RAM': '$\u2009105.99'}]",GSM / CDMA / HSPA / EVDO / LTE,GSM 850 / 900 / 1800 / 1900 ,HSDPA 850 / 900 / 1700(AWS) / 1900 / 2100 ,"1, 2, 3, 4, 5, 7, 8, 12, 13, 17, 20, 25, 26, 28, 32, 38, 39, 40, 41, 66, 71 - Global","HSPA 42.2/5.76 Mbps, LTE (5CA) Cat18 1200/150 Mbps",147.1 x 68.8 x 8.2 mm (5.79 x 2.71 x 0.32 in),162 g (5.71 oz),"Glass front (Gorilla Glass 5), glass back (Gorilla Glass 5), aluminum frame",Nano-SIM + ,"5.7 inches, 80.7 cm","1080 x 2280 pixels, 19:9 ratio (~444 ppi density)","Android 10, upgradable to Android 13",Qualcomm SM8150 Snapdragon 855 (7 nm),Octa-core (1x2.84 GHz Kryo 485 & 3x2.42 GHz Kryo 485 & 4x1.78 GHz Kryo 485),Adreno 640,No,"64GB 6GB RAM, 128GB 6GB RAM","12.2 MP, f/1.7, 27mm (wide), 1/2.55"", 1.4µm, dual pixel PDAF, OIS,
16 MP, f/2.4, 50mm (telephoto), 1/3.6"", 1.0µm, PDAF, OIS, 2x optical zoom","Dual-LED flash, Pixel Shift, Auto-HDR, panorama","4K@30fps, 1080p@30/60/120fps, 1080p@30fps (gyro-EIS)","8 MP, f/2.0, 22mm (wide), 1.22µm, no AF,
TOF 3D, (depth/biometrics sensor)",1080p@30fps,"Yes, with stereo speakers",No,"WLANWi-Fi 802.11 a/b/g/n/ac, dual-band, Wi-Fi Direct, DLNA","5.0, A2DP, LE, aptX HD",Yes,No,USB Type-C 3.1,"Li-Po 2800 mAh, non-removable","18W wired, PD2.0","Clearly White, Just Black, Oh So Orange",
Google Pixel 4 XL,"[{'64GB 6GB RAM': '$\u200999.00'}, {'128GB 6GB RAM': '$\u2009159.99'}]",GSM / CDMA / HSPA / EVDO / LTE,GSM 850 / 900 / 1800 / 1900 ,HSDPA 850 / 900 / 1700(AWS) / 1900 / 2100 ,"1, 2, 3, 4, 5, 7, 8, 12, 13, 17, 20, 25, 26, 28, 32, 38, 39, 40, 41, 66, 71 - Global","HSPA 42.2/5.76 Mbps, LTE (5CA) Cat18 1200/150 Mbps",160.4 x 75.1 x 8.2 mm (6.31 x 2.96 x 0.32 in),193 g (6.81 oz),"Glass front (Gorilla Glass 5), glass back (Gorilla Glass 5), aluminum frame",Nano-SIM + ,"6.3 inches, 98.0 cm","1440 x 3040 pixels, 19:9 ratio (~537 ppi density)","Android 10, upgradable to Android 13",Qualcomm SM8150 Snapdragon 855 (7 nm),Octa-core (1x2.84 GHz Kryo 485 & 3x2.42 GHz Kryo 485 & 4x1.78 GHz Kryo 485),Adreno 640,No,"64GB 6GB RAM, 128GB 6GB RAM","12.2 MP, f/1.7, 27mm (wide), 1/2.55"", 1.4µm, dual pixel PDAF, OIS,
16 MP, f/2.4, 50mm (telephoto), 1/3.6"", 1.0µm, PDAF, OIS, 2x optical zoom","Dual-LED flash, Pixel Shift, Auto-HDR, panorama","4K@30fps, 1080p@30/60/120fps, 1080p@30fps (gyro-EIS)","8 MP, f/2.0, 22mm (wide), 1.22µm, no AF,
TOF 3D, (depth/biometrics sensor)",1080p@30fps,"Yes, with stereo speakers",No,"WLANWi-Fi 802.11 a/b/g/n/ac, dual-band, Wi-Fi Direct, DLNA","5.0, A2DP, LE, aptX HD",Yes,No,USB Type-C 3.1,"Li-Po 3700 mAh, non-removable","18W wired, PD2.0","Clearly White, Just Black, Oh So Orange",
Google Pixel 4a,[{'128GB 6GB RAM': '$\u2009114.99'}],GSM / HSPA / LTE,GSM 850 / 900 / 1800 / 1900 ,HSDPA 850 / 900 / 1700(AWS) / 1900 / 2100 ,"1, 2, 3, 4, 5, 7, 8, 12, 13, 14, 17, 18, 20, 25, 26, 28, 29, 30, 38, 39, 40, 41, 66, 71","HSPA 42.2/5.76 Mbps, LTE (3CA) Cat12 600/75 Mbps",144 x 69.4 x 8.2 mm (5.67 x 2.73 x 0.32 in),143 g (5.04 oz),"Glass front (Gorilla Glass 3), plastic back, plastic frame",Nano-SIM + ,"5.81 inches, 83.2 cm","1080 x 2340 pixels, 19.5:9 ratio (~443 ppi density)","Android 10, upgradable to Android 13",Qualcomm SDM730 Snapdragon 730G (8 nm),Octa-core (2x2.2 GHz Kryo 470 Gold & 6x1.8 GHz Kryo 470 Silver),Adreno 618,No,128GB 6GB RAM,"12.2 MP, f/1.7, 27mm (wide), 1/2.55"", 1.4µm, dual pixel PDAF, OIS","LED flash, Pixel Shift, Auto-HDR, panorama","4K@30fps, 1080p@30/60/120fps; gyro-EIS","8 MP, f/2.0, 24mm (wide), 1.12µm",1080p@30fps,"Yes, with stereo speakers",Yes,"WLANWi-Fi 802.11 a/b/g/n/ac, dual-band, Wi-Fi Direct, DLNA","5.0, A2DP, LE, aptX HD",Yes,No,USB Type-C 3.1,Li-Po 3140 mAh,"18W wired, PD2.0","Just Black, Barely Blue",
Google Pixel 4a 5G,[{'128GB 6GB RAM': '$\u2009104.00'}],GSM / HSPA / LTE / 5G,GSM 850 / 900 / 1800 / 1900 ,HSDPA 850 / 900 / 1700(AWS) / 1900 / 2100 ,"1, 2, 3, 4, 5, 7, 8, 12, 13, 14, 17, 18, 19, 20, 25, 26, 28, 29, 30, 32, 38, 39, 40, 41, 42, 46, 48, 66, 71","HSPA, LTE (CA), 5G",153.9 x 74 x 8.2 mm (Sub-6) or 8.5 mm (Sub-6 and mmWave),168 g (5G Sub-6); 171 g ( 5G Sub-6 and mmWave) (5.93 oz),"Glass front (Gorilla Glass 3), plastic back, plastic frame",Nano-SIM + ,"6.2 inches, 95.7 cm","1080 x 2340 pixels, 19.5:9 ratio (~413 ppi density)","Android 11, upgradable to Android 14",Qualcomm SM7250 Snapdragon 765G 5G (7 nm),Octa-core (1x2.4 GHz Kryo 475 Prime & 1x2.2 GHz Kryo 475 Gold & 6x1.8 GHz Kryo 475 Silver),Adreno 620,No,128GB 6GB RAM,"12.2 MP, f/1.7, 27mm (wide), 1/2.55"", 1.4µm, dual pixel PDAF, OIS,
16 MP, f/2.2, 107˚ (ultrawide), 1.0µm","LED flash, Pixel Shift, Auto-HDR, panorama","4K@30/60fps, 1080p@30/60/120/240fps; gyro-EIS","8 MP, f/2.0, 24mm (wide), 1/4.0"", 1.12µm",1080p@30fps,"Yes, with stereo speakers",Yes,"WLANWi-Fi 802.11 a/b/g/n/ac, dual-band, Wi-Fi Direct","5.0, A2DP, LE, aptX HD",Yes,No,USB Type-C 3.1,Li-Po 3885 mAh,"18W wired, PD2.0","Just Black, Clearly White",
Google Pixel 5,[{'128GB 8GB RAM': '$\u2009125.50'}],GSM / CDMA / HSPA / EVDO / LTE / 5G,GSM 850 / 900 / 1800 / 1900 ,HSDPA 850 / 900 / 1700(AWS) / 1900 / 2100 ,"1, 2, 3, 4, 5, 7, 8, 12, 13, 14, 17, 18, 19, 20, 25, 26, 28, 29, 30, 32, 38, 39, 40, 41, 42, 46, 48, 66, 71","HSPA, LTE (CA), 5G",144.7 x 70.4 x 8 mm (5.70 x 2.77 x 0.31 in),151 g (5.33 oz),"Glass front (Gorilla Glass 6), aluminum back, aluminum frame",Nano-SIM + ,"6.0 inches, 87.6 cm","1080 x 2340 pixels, 19.5:9 ratio (~432 ppi density)","Android 11, upgradable to Android 14",Qualcomm SM7250 Snapdragon 765G 5G (7 nm),Octa-core (1x2.4 GHz Kryo 475 Prime & 1x2.2 GHz Kryo 475 Gold & 6x1.8 GHz Kryo 475 Silver),Adreno 620,No,128GB 8GB RAM,"12.2 MP, f/1.7, 27mm (wide), 1/2.55"", 1.4µm, dual pixel PDAF, OIS,
16 MP, f/2.2, 117˚ (ultrawide), 1.0µm","LED flash, Pixel Shift, Auto-HDR, panorama","4K@30/60fps, 1080p@30/60/120/240fps; gyro-EIS","8 MP, f/2.0, 24mm (wide), 1/4.0"", 1.12µm",1080p@30fps,"Yes, with stereo speakers",No,"WLANWi-Fi 802.11 a/b/g/n/ac, dual-band, Wi-Fi Direct","5.0, A2DP, LE, aptX HD",Yes,No,USB Type-C 3.1,Li-Po 4080 mAh,"18W wired, PD2.0","Just Black, Sorta Sage",
Google Pixel 5a 5G,[{'128GB 6GB RAM': '$\u2009184.99'}],GSM / HSPA / EVDO / LTE / 5G,GSM 850 / 900 / 1800 / 1900 ,HSDPA 850 / 900 / 1700(AWS) / 1900 / 2100 ,"1, 2, 3, 4, 5, 7, 8, 12, 13, 14, 17, 18, 19, 20, 25, 26, 28, 29, 30, 32, 38, 39, 40, 41, 42, 46, 48, 66, 71","HSPA, LTE (CA), 5G",156.2 x 73.2 x 8.8 mm (6.15 x 2.88 x 0.35 in),183 g (6.46 oz),"Glass front (Gorilla Glass 3), aluminum frame, aluminum back",Nano-SIM + ,"6.34 inches, 97.0 cm","1080 x 2400 pixels, 20:9 ratio (~415 ppi density)","Android 11, upgradable to Android 14",Qualcomm SM7250 Snapdragon 765G 5G (7 nm),Octa-core (1x2.4 GHz Kryo 475 Prime & 1x2.2 GHz Kryo 475 Gold & 6x1.8 GHz Kryo 475 Silver),Adreno 620,No,128GB 6GB RAM,"12.2 MP, f/1.7, 27mm, (wide), 1/2.55"", 1.4µm, dual pixel PDAF, OIS,
16 MP, f/2.2, 119˚ (ultrawide), 1.0µm","LED flash, Pixel Shift, Auto-HDR, panorama","4K@30/60fps, 1080p@30/60/120/240fps; gyro-EIS","8 MP, f/2.0, 24mm (wide), 1.12µm",1080p@30fps,"Yes, with stereo speakers",Yes,"WLANWi-Fi 802.11 a/b/g/n/ac, dual-band, Wi-Fi Direct","5.0, A2DP, LE, aptX HD",Yes,No,USB Type-C 3.1,Li-Po 4680 mAh,"18W wired, PD2.0",Mostly Black,
Google Pixel 6,"[{'128GB 8GB RAM': '$\u2009174.95'}, {'256GB 8GB RAM': '$\u2009194.99'}]",GSM / CDMA / HSPA / EVDO / LTE / 5G,GSM 850 / 900 / 1800 / 1900 ,HSDPA 800 / 850 / 900 / 1700(AWS) / 1900 / 2100 ,"1, 2, 3, 4, 5, 7, 8, 12, 13, 14, 17, 18, 19, 20, 25, 26, 28, 29, 30, 32, 38, 39, 40, 41, 42, 46, 48, 66, 71 - GB7N6, G9S9B16","HSPA, LTE (CA), 5G",158.6 x 74.8 x 8.9 mm (6.24 x 2.94 x 0.35 in),207 g (7.30 oz),"Glass front (Gorilla Glass Victus), glass back (Gorilla Glass 6), aluminum frame",Nano-SIM + ,"6.4 inches, 98.9 cm","1080 x 2400 pixels, 20:9 ratio (~411 ppi density)","Android 12, upgradable to Android 15, up to 5 major Android upgrades",Google Tensor (5 nm),Octa-core (2x2.80 GHz Cortex-X1 & 2x2.25 GHz Cortex-A76 & 4x1.80 GHz Cortex-A55),Mali-G78 MP20,No,"128GB 8GB RAM, 256GB 8GB RAM","50 MP, f/1.9, 25mm (wide), 1/1.31"", 1.2µm, dual pixel PDAF, OIS,
12 MP, f/2.2, 17mm, 114˚ (ultrawide), 1.25µm","Laser AF, Dual-LED flash, Pixel Shift, Auto-HDR, panorama","4K@30/60fps, 1080p@30/60/120/240fps; gyro-EIS, OIS","8 MP, f/2.0, 24mm (wide), 1.12µm",1080p@30fps,"Yes, with stereo speakers",No,"WLANWi-Fi 802.11 a/b/g/n/ac/6e, dual-band, Wi-Fi Direct","5.2, A2DP, LE, aptX HD",Yes,No,USB Type-C 3.1,Li-Ion 4614 mAh,"Wired (based on 30W charger), PD3.0, 50% in 30 min","Sorta Seafoam, Kinda Coral, Stormy Black",
Google Pixel 6 Pro,"[{'128GB 12GB RAM': '$\u2009129.99'}, {'256GB 12GB RAM': '$\u2009225.04'}, {'512GB 12GB RAM': '$\u2009284.95'}]",GSM / CDMA / HSPA / EVDO / LTE / 5G,GSM 850 / 900 / 1800 / 1900 ,HSDPA 800 / 850 / 900 / 1700(AWS) / 1900 / 2100 ,"1, 2, 3, 4, 5, 7, 8, 12, 13, 14, 17, 18, 19, 20, 25, 26, 28, 29, 30, 32, 38, 39, 40, 41, 42, 46, 48, 66, 71 - GLUOG, G8VOU","HSPA, LTE (CA), 5G",163.9 x 75.9 x 8.9 mm (6.45 x 2.99 x 0.35 in),210 g (7.41 oz),"Glass front (Gorilla Glass Victus), glass back (Gorilla Glass Victus), aluminum frame",Nano-SIM + ,"6.7 inches, 110.6 cm","1440 x 3120 pixels, 19.5:9 ratio (~512 ppi density)","Android 12, upgradable to Android 15, up to 5 major Android upgrades",Google Tensor (5 nm),Octa-core (2x2.80 GHz Cortex-X1 & 2x2.25 GHz Cortex-A76 & 4x1.80 GHz Cortex-A55),Mali-G78 MP20,No,"128GB 12GB RAM, 256GB 12GB RAM, 512GB 12GB RAM","50 MP, f/1.9, 25mm (wide), 1/1.31"", 1.2µm, dual pixel PDAF, OIS,
48 MP, f/3.5, 104mm (periscope telephoto), 1/2.0"", 0.8µm, PDAF, OIS, 4x optical zoom,
12 MP, f/2.2, 17mm, 114˚ (ultrawide), 1.25µm","Laser AF, Dual-LED flash, Pixel Shift, Auto-HDR, panorama","4K@30/60fps, 1080p@30/60/120/240fps; gyro-EIS, OIS","11.1 MP, f/2.2, 20mm (ultrawide), 1.22µm","4K@30fps, 1080p@30/60fps","Yes, with stereo speakers",No,"WLANWi-Fi 802.11 a/b/g/n/ac/6e, dual-band, Wi-Fi Direct","5.2, A2DP, LE, aptX HD",Yes,No,USB Type-C 3.1,Li-Ion 5003 mAh,"23W wired, PD3.0, 50% in 30 min","Cloudy White, Sorta Sunny, Stormy Black",
Google Pixel 6a,[{'128GB 6GB RAM': '$\u2009134.00'}],GSM / HSPA / LTE / 5G,GSM 850 / 900 / 1800 / 1900 ,HSDPA 800 / 850 / 900 / 1700(AWS) / 1900 / 2100 ,"1, 2, 3, 4, 5, 7, 8, 12, 13, 14, 17, 18, 19, 20, 25, 26, 28, 29, 30, 38, 39, 40, 41, 42, 48, 66, 71 - GX7AS, GB62Z (USA/Canada)","HSPA, LTE (CA), 5G",152.2 x 71.8 x 8.9 mm (5.99 x 2.83 x 0.35 in),178 g (6.28 oz),"Glass front (Gorilla Glass 3), aluminum frame, plastic back",Nano-SIM + ,"6.1 inches, 90.7 cm","1080 x 2400 pixels, 20:9 ratio (~429 ppi density)","Android 12, upgradable to Android 15, up to 5 major Android upgrades",Google Tensor (5 nm),Octa-core (2x2.80 GHz Cortex-X1 & 2x2.25 GHz Cortex-A76 & 4x1.80 GHz Cortex-A55),Mali-G78 MP20,No,128GB 6GB RAM,"12.2 MP, f/1.7, 27mm, (wide), 1/2.55"", 1.4µm, dual pixel PDAF, OIS,
12 MP, f/2.2, 17mm, 114˚ (ultrawide), 1.25µm","Dual-LED flash, Pixel Shift, Auto-HDR, panorama","4K@30/60fps, 1080p@30/60/120/240fps; gyro-EIS, OIS","8 MP, f/2.0, 24mm (wide), 1.12µm",1080p@30fps,"Yes, with stereo speakers",No,"WLANWi-Fi 802.11 a/b/g/n/ac/6e, dual-band, Wi-Fi Direct","5.2, A2DP, LE",Yes,No,USB Type-C 3.1,Li-Po 4410 mAh,"18W wired, PD3.0","Chalk, Charcoal, Sage",
Google Pixel 7,"[{'128GB 8GB RAM': '$\u2009183.00'}, {'256GB 8GB RAM': '$\u2009254.00'}]",GSM / CDMA / HSPA / EVDO / LTE / 5G,GSM 850 / 900 / 1800 / 1900 ,HSDPA 800 / 850 / 900 / 1700(AWS) / 1900 / 2100 ,"1, 2, 3, 4, 5, 7, 8, 12, 13, 14, 17, 18, 19, 20, 25, 26, 28, 29, 30, 38, 40, 41, 42, 46, 48, 66, 71 - GQML3","HSPA, LTE (CA), 5G",155.6 x 73.2 x 8.7 mm (6.13 x 2.88 x 0.34 in),197 g (6.95 oz),"Glass front (Gorilla Glass Victus), glass back (Gorilla Glass Victus), aluminum frame",Nano-SIM + ,"6.3 inches, 96.7 cm","1080 x 2400 pixels, 20:9 ratio (~416 ppi density)","Android 13, upgradable to Android 15, up to 5 major Android upgrades",Google Tensor G2 (5 nm),Octa-core (2x2.85 GHz Cortex-X1 & 2x2.35 GHz Cortex-A78 & 4x1.80 GHz Cortex-A55),Mali-G710 MP7,No,"128GB 8GB RAM, 256GB 8GB RAM","50 MP, f/1.9, 25mm (wide), 1/1.31"", 1.2µm, dual pixel PDAF, OIS,
12 MP, f/2.2, 114˚ (ultrawide), 1/2.9"", 1.25µm","Laser AF, Dual-LED flash, Pixel Shift, Auto-HDR, panorama","4K@30/60fps, 1080p@30/60/120/240fps; gyro-EIS, OIS, 10-bit HDR","10.8 MP, f/2.2, 21mm (ultrawide), 1/3.1"", 1.22µm","4K@30/60fps, 1080p@30/60fps","Yes, with stereo speakers",No,"WLANWi-Fi 802.11 a/b/g/n/ac/6e, tri-band, Wi-Fi Direct","5.2, A2DP, LE, aptX HD",Yes,No,USB Type-C 3.2,Li-Ion 4355 mAh,"20W wired, PD3.0, 50% in 30 min","Obsidian, Lemongrass, Snow",
Google Pixel 7 Pro,"[{'128GB 12GB RAM': '$\u2009201.16'}, {'256GB 12GB RAM': '$\u2009256.95'}, {'512GB 12GB RAM': '$\u2009369.95'}]",GSM / CDMA / HSPA / EVDO / LTE / 5G,GSM 850 / 900 / 1800 / 1900 ,HSDPA 800 / 850 / 900 / 1700(AWS) / 1900 / 2100 ,"1, 2, 3, 4, 5, 7, 8, 12, 13, 14, 17, 18, 19, 20, 25, 26, 28, 29, 30, 38, 39, 40, 41, 42, 46, 48, 66, 71 - GE2AE","HSPA, LTE (CA), 5G",162.9 x 76.6 x 8.9 mm (6.41 x 3.02 x 0.35 in),212 g (7.48 oz),"Glass front (Gorilla Glass Victus), glass back (Gorilla Glass Victus), aluminum frame",Nano-SIM + ,"6.7 inches, 110.6 cm","1440 x 3120 pixels, 19.5:9 ratio (~512 ppi density)","Android 13, upgradable to Android 15, up to 5 major Android upgrades",Google Tensor G2 (5 nm),Octa-core (2x2.85 GHz Cortex-X1 & 2x2.35 GHz Cortex-A78 & 4x1.80 GHz Cortex-A55),Mali-G710 MP7,No,"128GB 8GB RAM, 256GB 8GB RAM, 128GB 12GB RAM, 256GB 12GB RAM, 512GB 12GB RAM","50 MP, f/1.9, 25mm (wide), 1/1.31"", 1.2µm, dual pixel PDAF, OIS,
48 MP, f/3.5, 120mm (periscope telephoto), 1/2.55"", 0.7µm, dual pixel PDAF, OIS, 5x optical zoom,
12 MP, f/2.2, 126˚ (ultrawide), 1/2.9"", 1.25µm, AF","Laser AF, Dual-LED flash, Pixel Shift, Auto-HDR, panorama","4K@30/60fps, 1080p@30/60/120/240fps; gyro-EIS, OIS, 10-bit HDR","10.8 MP, f/2.2, 21mm (ultrawide), 1/3.1"", 1.22µm","4K@30/60fps, 1080p@30/60fps","Yes, with stereo speakers",No,"WLANWi-Fi 802.11 a/b/g/n/ac/6e, tri-band, Wi-Fi Direct","5.2, A2DP, LE, aptX HD",Yes,No,USB Type-C 3.2,Li-Ion 5000 mAh,"23W wired, PD3.0, 50% in 30 min","Obsidian, Snow, Hazel",
Google Pixel 7a,[{'128GB 8GB RAM': '$\u2009174.99'}],GSM / HSPA / LTE / 5G,GSM 850 / 900 / 1800 / 1900 ,HSDPA 800 / 850 / 900 / 1700(AWS) / 1900 / 2100 ,"1, 2, 3, 4, 5, 7, 8, 12, 13, 14, 17, 20, 25, 26, 28, 29, 30, 38, 40, 41, 48, 66, 71 - GWKK3, G0DZQ","HSPA, LTE (CA), 5G",152 x 72.9 x 9 mm (5.98 x 2.87 x 0.35 in),193.5 g (6.84 oz),"Glass front (Gorilla Glass 3), aluminum frame, plastic back",Nano-SIM + ,"6.1 inches, 90.7 cm","1080 x 2400 pixels, 20:9 ratio (~429 ppi density)","Android 13, upgradable to Android 15, up to 5 major Android upgrades",Google Tensor G2 (5 nm),Octa-core (2x2.85 GHz Cortex-X1 & 2x2.35 GHz Cortex-A78 & 4x1.80 GHz Cortex-A55),Mali-G710 MP7,No,128GB 8GB RAM,"64 MP, f/1.9, 26mm (wide), 1/1.73"", 0.8µm, dual pixel PDAF, OIS,
13 MP, f/2.2, 120˚ (ultrawide), 1.12µm","Dual-LED flash, Pixel Shift, Auto-HDR, panorama","4K@30/60fps, 1080p@30/60/120/240fps, OIS","13 MP, f/2.2, 20mm (ultrawide), 1.12µm","4K@30fps, 1080p@30fps","Yes, with stereo speakers",No,"WLANWi-Fi 802.11 a/b/g/n/ac/6e, tri-band","5.3, A2DP, LE",Yes,No,USB Type-C 3.2,Li-Po 4385 mAh,"18W wired, PD3.0","Charcoal, Snow, Sea, Coral",
Google Pixel Tablet,,No cellular connectivity, N/A, N/A, N/A,,258 x 169 x 8.1 mm (10.16 x 6.65 x 0.32 in),493 g (1.09 lb),"Glass front, aluminum frame, aluminum back",No,"10.95 inches, 347.7 cm","1600 x 2560 pixels, 16:10 ratio (~276 ppi density)","Android 13, upgradable to Android 15",Google Tensor G2 (5 nm),Octa-core (2x2.85 GHz Cortex-X1 & 2x2.35 GHz Cortex-A78 & 4x1.80 GHz Cortex-A55),Mali-G710 MP7,No,"128GB 8GB RAM, 256GB 8GB RAM","8 MP, f/2.0, 24mm (wide), 1/4.0"", 1.12µm","HDR, panorama",1080p@30fps,"8 MP, f/2.0, 24mm (wide), 1/4.0"", 1.12µm",1080p@30fps,"Yes, with stereo speakers (4 speakers)",No,"WLANWi-Fi 802.11 a/b/g/n/ac/6, dual-band","5.2, A2DP, LE",No,No,"USB Type-C 3.2 (Gen 1), magnetic connector",Li-Po 7020 mAh (27 Wh),15W wired,"Porcelain, Hazel, Rose",About 670 EUR
Google Pixel Fold,"[{'256GB 12GB RAM': '$\u2009429.95'}, {'512GB 12GB RAM': '$\u2009586.37'}]",GSM / CDMA / HSPA / EVDO / LTE / 5G,GSM 850 / 900 / 1800 / 1900 ,HSDPA 800 / 850 / 900 / 1700(AWS) / 1900 / 2100 ,"1, 2, 3, 4, 5, 7, 8, 12, 13, 14, 17, 18, 19, 20, 21, 25, 26, 28, 29, 30, 32, 38, 39, 40, 41, 42, 46, 48, 66, 71","HSPA, LTE (CA), 5G",Unfolded: 139.7 x 158.7 x 5.8 mm,283 g (9.98 oz),"Glass front (Gorilla Glass Victus) (folded), plastic front (unfolded), glass back (Gorilla Glass Victus), aluminum frame",Nano-SIM + ,"7.6 inches, 183.3 cm",1840 x 2208 pixels (~378 ppi density),"Android 13, upgradable to Android 15, up to 5 major Android upgrades",Google Tensor G2 (5 nm),Octa-core (2x2.85 GHz Cortex-X1 & 2x2.35 GHz Cortex-A78 & 4x1.80 GHz Cortex-A55),Mali-G710 MP7,No,"256GB 12GB RAM, 512GB 12GB RAM","48 MP, f/1.7, 25mm (wide), 1/2.0"", 0.8µm, dual pixel PDAF, OIS,
10.8 MP, f/3.1, 112mm (telephoto), 1/3.1"", 1.22µm, dual pixel PDAF, OIS, 5x optical zoom,
10.8 MP, f/2.2, 121˚, (ultrawide), 1/3.0"", 1.25µm","Laser AF, Dual-LED flash, HDR, panorama","4K@30/60fps, 1080p@30/60/120/240fps, 10-bit HDR","8 MP, f/2.0, 24mm (wide), 1/4.0"", 1.12µm,
Cover camera:,
9.5 MP, f/2.2, 24mm (wide), 1.22µm, dual pixel PDAF","4K@30/60fps, 1080p@30/60fps","Yes, with stereo speakers",No,"WLANWi-Fi 802.11 a/b/g/n/ac/6e, tri-band, Wi-Fi Direct","5.2, A2DP, LE, aptX HD",Yes,No,"USB Type-C 3.2, OTG",Li-Po 4821 mAh,"Wired, PD3.0","Porcelain, Obsidian",
Google Pixel 8,"[{'128GB 8GB RAM': '$\u2009264.00'}, {'256GB 8GB RAM': '$\u2009349.00'}]",GSM / HSPA / LTE / 5G,GSM 850 / 900 / 1800 / 1900 ,HSDPA 800 / 850 / 900 / 1700(AWS) / 1900 / 2100 ,"1, 2, 3, 4, 5, 7, 8, 12, 13, 14, 17, 18, 19, 20, 25, 26, 28, 29, 30, 38, 40, 41, 46, 48, 66, 71 - GKWS6, G9BQD","HSPA, LTE (CA), 5G",150.5 x 70.8 x 8.9 mm (5.93 x 2.79 x 0.35 in),187 g (6.60 oz),"Glass front (Gorilla Glass Victus), glass back (Gorilla Glass Victus), aluminum frame",Nano-SIM + ,"6.2 inches, 91.1 cm","1080 x 2400 pixels, 20:9 ratio (~428 ppi density)","Android 14, upgradable to Android 15, up to 7 major Android upgrades",Google Tensor G3 (4 nm),Nona-core (1x3.0 GHz Cortex-X3 & 4x2.45 GHz Cortex-A715 & 4x2.15 GHz Cortex-A510),Immortalis-G715s MC10,No,"128GB 8GB RAM, 256GB 8GB RAM","50 MP (12 MP eff.), f/1.7, 25mm (wide), 1/1.31"", 1.2µm, dual pixel PDAF, OIS,
12 MP, f/2.2, 126˚ (ultrawide), 1/2.9"", 1.25µm, AF","Laser AF, Dual-LED flash, Pixel Shift, Ultra HDR, panorama, Best Take","4K@24/30/60fps, 1080p@30/60/120/240fps; gyro-EIS, OIS, 10-bit HDR","10.5 MP, f/2.2, 20mm (ultrawide), 1/3.1"", 1.22µm","4K@24/30/60fps, 1080p@30/60fps","Yes, with stereo speakers",No,"WLANWi-Fi 802.11 a/b/g/n/ac/6e/7, tri-band, Wi-Fi Direct","5.3, A2DP, LE, aptX HD",Yes,No,USB Type-C 3.2,Li-Ion 4575 mAh,"27W wired, PD3.0, PPS, 50% in 30 min","Obsidian, Hazel, Rose, Mint",
Google Pixel 8 Pro,"[{'128GB 12GB RAM': '$\u2009309.95'}, {'256GB 12GB RAM': '$\u2009399.99'}, {'512GB 12GB RAM': '$\u2009535.00'}]",GSM / HSPA / LTE / 5G,GSM 850 / 900 / 1800 / 1900 ,HSDPA 800 / 850 / 900 / 1700(AWS) / 1900 / 2100 ,"1, 2, 3, 4, 5, 7, 8, 12, 13, 14, 17, 18, 19, 20, 25, 26, 28, 29, 30, 38, 39, 40, 41, 46, 48, 66, 71 - G1MNW","HSPA, LTE (CA), 5G",162.6 x 76.5 x 8.8 mm (6.40 x 3.01 x 0.35 in),213 g (7.51 oz),"Glass front (Gorilla Glass Victus 2), glass back (Gorilla Glass Victus 2), aluminum frame",Nano-SIM + ,"6.7 inches, 108.7 cm","1344 x 2992 pixels, 20:9 ratio (~489 ppi density)","Android 14, upgradable to Android 15, up to 7 major Android upgrades",Google Tensor G3 (4 nm),Nona-core (1x3.0 GHz Cortex-X3 & 4x2.45 GHz Cortex-A715 & 4x2.15 GHz Cortex-A510),Immortalis-G715s MC10,No,"128GB 12GB RAM, 256GB 12GB RAM, 512GB 12GB RAM, 1TB 12GB RAM","50 MP, f/1.7, 25mm (wide), 1/1.31"", 1.2µm, dual pixel PDAF, OIS,
48 MP, f/2.8, 113mm (periscope telephoto), 1/2.55"", 0.7µm, dual pixel PDAF, OIS, 5x optical zoom,
48 MP, f/2.0, 126˚ (ultrawide), 1/2.0"", 0.8µm, dual pixel PDAF","Multi-zone Laser AF, Dual-LED flash, Pixel Shift, Ultra-HDR, panorama, Best Take, Zoom Enhance","4K@30/60fps, 1080p@24/30/60/120/240fps; gyro-EIS, OIS, 10-bit HDR","10.5 MP, f/2.2, 20mm (ultrawide), 1/3.1"", 1.22µm, PDAF","4K@24/30/60fps, 1080p@30/60fps","Yes, with stereo speakers",No,"WLANWi-Fi 802.11 a/b/g/n/ac/6e/7, tri-band, Wi-Fi Direct","5.3, A2DP, LE, aptX HD",Yes,No,USB Type-C 3.2,Li-Ion 5050 mAh,"30W wired, PD3.0, PPS, 50% in 30 min","Obsidian, Porcelain, Bay, Mint",
Google Pixel 8a,"[{'128GB 8GB RAM': '$\u2009250.06'}, {'256GB 8GB RAM': 'C$\u2009759.00'}]",GSM / HSPA / LTE / 5G,GSM 850 / 900 / 1800 / 1900 ,HSDPA 800 / 850 / 900 / 1700(AWS) / 1900 / 2100 ,"1, 2, 3, 4, 5, 7, 8, 12, 17, 18, 19, 20, 26, 28, 32, 38, 40, 41, 42, 66 - G6GPR (International)","HSPA, LTE (CA), 5G",152.1 x 72.7 x 8.9 mm (5.99 x 2.86 x 0.35 in),188 g (6.63 oz),"Glass front (Gorilla Glass 3), aluminum frame, plastic back",Nano-SIM + ,"6.1 inches, 90.3 cm","1080 x 2400 pixels, 20:9 ratio (~430 ppi density)","Android 14, upgradable to Android 15, up to 7 major Android upgrades",Google Tensor G3 (4 nm),Nona-core (1x3.0 GHz Cortex-X3 & 4x2.45 GHz Cortex-A715 & 4x2.15 GHz Cortex-A510),Immortalis-G715s MC10,No,"128GB 8GB RAM, 256GB 8GB RAM","64 MP (16 MP eff.), f/1.9, 26mm (wide), 1/1.73"", 0.8µm, dual pixel PDAF, OIS,
13 MP, f/2.2, 120˚ (ultrawide), 1.12µm","Dual-LED flash, Pixel Shift, Ultra HDR, panorama, Best Take","4K@30/60fps, 1080p@30/60/120/240fps, OIS","13 MP, f/2.2, 20mm (ultrawide), 1.12µm","4K@30fps, 1080p@30/60fps","Yes, with stereo speakers",No,"WLANWi-Fi 802.11 a/b/g/n/ac/6e, dual/tri-band (market/region dependent)","5.3, A2DP, LE",Yes,No,USB Type-C 3.2,Li-Po 4492 mAh,"18W wired, PD3.0","Obsidian, Porcelain, Bay, Aloe",
Google Pixel 9 Pro Fold,"[{'256GB 16GB RAM': '$\u2009870.00'}, {'512GB 16GB RAM': '$\u20091,702.42'}]",GSM / HSPA / LTE / 5G,GSM 850 / 900 / 1800 / 1900 ,HSDPA 800 / 850 / 900 / 1700(AWS) / 1900 / 2100 ,"1, 2, 3, 4, 5, 7, 8, 12, 13, 14, 17, 18, 19, 20, 21, 25, 26, 28, 29, 30, 32, 38, 39, 40, 41, 42, 46, 48, 66, 71","HSPA, LTE (CA), 5G",Unfolded: 155.2 x 150.2 x 5.1 mm,257 g (9.07 oz),"Glass front (Gorilla Glass Victus 2) (folded), plastic front (unfolded), glass back (Gorilla Glass Victus 2), aluminum frame",Nano-SIM + ,"8.0 inches, 207.4 cm","2076 x 2152 pixels, 1:1 ratio (~373 ppi density)","Android 14, upgradable to Android 15, up to 7 major Android upgrades",Google Tensor G4 (4 nm),Octa-core (1x3.1 GHz Cortex-X4 & 3x2.6 GHz Cortex-A720 & 4x1.92 GHz Cortex-A520),Mali-G715 MC7,No,"256GB 16GB RAM, 512GB 16GB RAM","48 MP, f/1.7, 25mm (wide), 1/2.0"", 0.8µm, dual pixel PDAF, OIS,
10.8 MP, f/3.1, 112mm (telephoto), 1/3.2"", dual pixel PDAF, OIS, 5x optical zoom,
10.5 MP, f/2.2, 127˚ (ultrawide), 1/3.4"", PDAF","Multi-zone Laser AF, LED flash, Pixel Shift, Ultra-HDR, panorama, Best Take, Zoom Enhance","4K@24/30/60fps, 1080p@24/30/60/120/240fps, 10-bit HDR, gyro-EIS, OIS","10 MP, f/2.2, 23mm (wide), 1/3.94"", PDAF,
Cover camera:,
10 MP, f/2.2, 23mm (wide), 1/3.94"", PDAF","4K@30/60fps, 1080p@30/60fps","Yes, with stereo speakers",No,"WLANWi-Fi 802.11 a/b/g/n/ac/6e/7, tri-band","5.3, A2DP, LE, aptX HD",Yes,No,USB Type-C 3.2,4650 mAh,21W wired,"Obsidian, Porcelain",
Google Pixel 9,"[{'128GB 12GB RAM': '$\u2009499.99'}, {'256GB 12GB RAM': '$\u2009649.99'}]",GSM / HSPA / LTE / 5G,GSM 850 / 900 / 1800 / 1900 ,HSDPA 800 / 850 / 900 / 1700(AWS) / 1900 / 2100 ,"1, 2, 3, 4, 5, 7, 8, 12, 13, 14, 17, 18, 19, 20, 25, 26, 28, 29, 30, 38, 40, 41, 48, 66, 71 - G2YBB","HSPA, LTE (CA), 5G",152.8 x 72 x 8.5 mm (6.02 x 2.83 x 0.33 in),198 g (6.98 oz),"Glass front (Gorilla Glass Victus 2), glass back (Gorilla Glass Victus 2), aluminum frame",Nano-SIM + ,"6.3 inches, 94.7 cm","1080 x 2424 pixels, 20:9 ratio (~422 ppi density)","Android 14, upgradable to Android 15, up to 7 major Android upgrades",Google Tensor G4 (4 nm),Octa-core (1x3.1 GHz Cortex-X4 & 3x2.6 GHz Cortex-A720 & 4x1.92 GHz Cortex-A520),Mali-G715 MC7,No,"128GB 12GB RAM, 256GB 12GB RAM","50 MP, f/1.7, 25mm (wide), 1/1.31"", 1.2µm, dual pixel PDAF, OIS,
48 MP, f/1.7, 123˚ (ultrawide), 1/2.55"", dual pixel PDAF","Single-zone Laser AF, LED flash, Pixel Shift, Ultra-HDR, panorama, Best Take","4K@24/30/60fps, 1080p@24/30/60/120/240fps; gyro-EIS, OIS, 10-bit HDR","10.5 MP, f/2.2, 20mm (ultrawide), 1/3.1"", 1.22µm, PDAF","4K@30/60fps, 1080p@30/60fps","Yes, with stereo speakers",No,"WLANWi-Fi 802.11 a/b/g/n/ac/6e/7, tri-band","5.3, A2DP, LE, aptX HD",Yes,No,USB Type-C 3.2,Li-Ion 4700 mAh,"27W wired, PD3.0, PPS, 55% in 30 min","Obsidian, Porcelain, Wintergreen, Peony",
Google Pixel 9 Pro,"[{'128GB 16GB RAM': '$\u2009606.34'}, {'256GB 16GB RAM': '$\u2009696.10'}, {'512GB 16GB RAM': '$\u20091,219.00'}]",GSM / HSPA / LTE / 5G,GSM 850 / 900 / 1800 / 1900 ,HSDPA 800 / 850 / 900 / 1700(AWS) / 1900 / 2100 ,"1, 2, 3, 4, 5, 7, 8, 12, 13, 14, 17, 18, 19, 20, 25, 26, 28, 29, 30, 38, 40, 41, 48, 66, 71 - GR83Y","HSPA, LTE (CA), 5G",152.8 x 72 x 8.5 mm (6.02 x 2.83 x 0.33 in),199 g (7.02 oz),"Glass front (Gorilla Glass Victus 2), glass back (Gorilla Glass Victus 2), aluminum frame",Nano-SIM + ,"6.3 inches, 96.3 cm","1280 x 2856 pixels, 20:9 ratio (~495 ppi density)","Android 14, upgradable to Android 15, up to 7 major Android upgrades",Google Tensor G4 (4 nm),Octa-core (1x3.1 GHz Cortex-X4 & 3x2.6 GHz Cortex-A720 & 4x1.92 GHz Cortex-A520),Mali-G715 MC7,No,"128GB 16GB RAM, 256GB 16GB RAM, 512GB 16GB RAM, 1TB 16GB RAM","50 MP, f/1.7, 25mm (wide), 1/1.31"", 1.2µm, dual pixel PDAF, OIS,
48 MP, f/2.8, 113mm (periscope telephoto), 1/2.55"", dual pixel PDAF, OIS, 5x optical zoom,
48 MP, f/1.7, 123˚ (ultrawide), 1/2.55"", dual pixel PDAF","Multi-zone Laser AF, LED flash, Pixel Shift, Ultra-HDR, panorama, Best Take, Zoom Enhance","8K@30fps (via cloud-based upscaling), 4K@24/30/60fps, 1080p@24/30/60/120/240fps; gyro-EIS, OIS, 10-bit HDR","42 MP, f/2.2, 17mm (ultrawide), PDAF","4K@30/60fps, 1080p@30/60fps","Yes, with stereo speakers",No,"WLANWi-Fi 802.11 a/b/g/n/ac/6e/7, tri-band","5.3, A2DP, LE, aptX HD",Yes,No,USB Type-C 3.2,Li-Ion 4700 mAh,"27W wired, PD3.0, PPS, 55% in 30 min","Porcelain, Rose Quartz, Hazel, Obsidian",
Google Pixel 9 Pro XL,"[{'128GB 16GB RAM': '$\u2009665.00'}, {'256GB 16GB RAM': '$\u2009669.30'}, {'512GB 16GB RAM': '$\u2009839.99'}]",GSM / HSPA / LTE / 5G,GSM 850 / 900 / 1800 / 1900 ,HSDPA 800 / 850 / 900 / 1700(AWS) / 1900 / 2100 ,"1, 2, 3, 4, 5, 7, 8, 12, 13, 14, 17, 18, 19, 20, 25, 26, 28, 29, 30, 38, 40, 41, 48, 66, 71 - GGX8B","HSPA, LTE (CA), 5G",162.8 x 76.6 x 8.5 mm (6.41 x 3.02 x 0.33 in),221 g (7.80 oz),"Glass front (Gorilla Glass Victus 2), glass back (Gorilla Glass Victus 2), aluminum frame",Nano-SIM + ,"6.8 inches, 109.7 cm","1344 x 2992 pixels, 20:9 ratio (~486 ppi density)","Android 14, upgradable to Android 15, up to 7 major Android upgrades",Google Tensor G4 (4 nm),Octa-core (1x3.1 GHz Cortex-X4 & 3x2.6 GHz Cortex-A720 & 4x1.92 GHz Cortex-A520),Mali-G715 MC7,No,"128GB 16GB RAM, 256GB 16GB RAM, 512GB 16GB RAM, 1TB 16GB RAM","50 MP, f/1.7, 25mm (wide), 1/1.31"", 1.2µm, dual pixel PDAF, OIS,
48 MP, f/2.8, 113mm (periscope telephoto), 1/2.55"", dual pixel PDAF, OIS, 5x optical zoom,
48 MP, f/1.7, 123˚ (ultrawide), 1/2.55"", dual pixel PDAF, ","Multi-zone Laser AF, LED flash, Pixel Shift, Ultra-HDR, panorama, Best Take, Zoom Enhance","8K@30fps (via cloud-based upscaling), 4K@24/30/60fps, 1080p@24/30/60/120/240fps; gyro-EIS, OIS, 10-bit HDR","42 MP, f/2.2, 17mm (ultrawide), PDAF","4K@30/60fps, 1080p@30/60fps","Yes, with stereo speakers",No,"WLANWi-Fi 802.11 a/b/g/n/ac/6e/7, tri-band","5.3, A2DP, LE, aptX HD",Yes,No,USB Type-C 3.2,Li-Ion 5060 mAh,"37W wired, PD3.0, PPS, 70% in 30 min","Porcelain, Rose Quartz, Hazel, Obsidian",
Google Pixel 9a,"[{'128GB 8GB RAM': '£\u2009499.00'}, {'256GB 8GB RAM': '£\u2009599.00'}]",GSM / HSPA / LTE / 5G,GSM 850 / 900 / 1800 / 1900 ,HSDPA 800 / 850 / 900 / 1700(AWS) / 1900 / 2100 ,"1, 2, 3, 4, 5, 7, 8, 12, 14, 17, 18, 19, 20, 21, 26, 28, 32, 38, 39, 40, 41, 42, 66, 75 - International","HSPA, LTE (CA), 5G",154.7 x 73.3 x 8.9 mm (6.09 x 2.89 x 0.35 in),186 g (6.56 oz),"Glass front (Gorilla Glass), aluminum frame, plastic back",Nano-SIM + ,"6.3 inches, 94.7 cm","1080 x 2424 pixels, 20:9 ratio (~422 ppi density)","Android 15, up to 7 major Android upgrades",Google Tensor G4 (4 nm),Octa-core (1x3.1 GHz Cortex-X4 & 3x2.6 GHz Cortex-A720 & 4x1.9 GHz Cortex-A520),Mali-G715 MP7,No,"128GB 8GB RAM, 256GB 8GB RAM","48 MP, f/1.7, 25mm (wide), 1/2.0"", 0.8µm, dual pixel PDAF, OIS,
13 MP, f/2.2, 120˚ (ultrawide), 1/3.1"", 1.12µm","Dual-LED flash, Pixel Shift, Ultra HDR, panorama, Best Take","4K@30/60fps, 1080p@30/60/120/240fps, gyro-EIS, OIS","13 MP, f/2.2, 20mm (ultrawide), 1/3.1"", 1.12µm","4K@30fps, 1080p@30fps","Yes, with stereo speakers",No,"WLANWi-Fi 802.11 a/b/g/n/ac/6e, dual/tri-band (market/region dependent)","5.3, A2DP, LE",Yes,No,USB Type-C 3.2,Li-Po 5100 mAh,"23W wired, PD3.0","Obsidian, Porcelain, Iris, Peony",
